vehicle_id,timestamp,voltage_V,current_A,temperature_C,state_of_charge_%,cycle_count,battery_health_%,remaining_capacity_Ah,estimated_rul_days
1051,01-01-2023 00:00,329.73,-9.56,29.9,36.4,1466,91.65,90.11,1244
1092,01-01-2023 00:30,342.72,-55.08,31.7,98.2,1793,78.15,17.59,1475
1014,01-01-2023 01:00,390.94,-9.51,36.6,64.2,1104,82.07,82.65,149
1071,01-01-2023 01:30,301.73,-71.83,21.9,62.4,530,73.08,87.52,249
1060,01-01-2023 02:00,313.93,-64.72,44.9,77.3,826,75.67,83.55,82
1020,01-01-2023 02:30,305.52,-0.33,44.2,83.1,1812,93.49,56.15,1787
1082,01-01-2023 03:00,304.89,-16.21,34.5,69.1,1810,91.45,49.45,1504
1086,01-01-2023 03:30,402.66,82.97,21,21.5,1975,87.8,99.66,1465
1074,01-01-2023 04:00,384.44,-27.52,35.4,40.4,949,96.87,30.63,1696
1074,01-01-2023 04:30,356.9,16.12,17.2,93.5,1781,87.5,59.22,1290
1087,01-01-2023 05:00,311.74,26.45,15.9,30.2,1447,84.01,70.36,787
1099,01-01-2023 05:30,358.99,-97.38,22.7,43.5,1089,80.21,73.08,767
1023,01-01-2023 06:00,356.82,32.71,28.9,48.9,1796,98.21,28.36,749
1002,01-01-2023 06:30,320.78,-64.39,41,49.5,738,72.48,68.86,435
1021,01-01-2023 07:00,352.06,92.21,36.8,65.2,519,97.93,83.65,637
1052,01-01-2023 07:30,347.82,-70.27,37.3,94.9,693,94.8,14.5,1050
1001,01-01-2023 08:00,373.9,-17.08,27.8,31.7,584,73.9,92.04,451
1087,01-01-2023 08:30,376.21,-82.93,25.4,20.9,1782,86.95,12.66,741
1029,01-01-2023 09:00,305.44,99.37,26.1,27.8,1874,96,42.04,276
1037,01-01-2023 09:30,344.95,0.44,44.6,89.8,511,87.15,11.42,101
1001,01-01-2023 10:00,375.1,19.08,16.2,68.1,1035,97.22,16.94,1883
1063,01-01-2023 10:30,360.38,-86.58,41,35.7,1207,98.29,92.01,214
1059,01-01-2023 11:00,402.78,49.99,32.4,83.4,1236,82.67,41.94,35
1020,01-01-2023 11:30,379.04,-58.02,28.2,87.5,1860,81.32,48.23,1259
1032,01-01-2023 12:00,319.55,79.61,36.8,86.2,431,98.09,29.38,1597
1075,01-01-2023 12:30,308.47,-58.97,29.6,92.7,1501,90.25,63.74,1664
1057,01-01-2023 13:00,377.09,-61.86,41.2,32.7,1878,73.48,63.53,935
1021,01-01-2023 13:30,303.18,-92.69,42,78,754,71.27,43.5,416
1088,01-01-2023 14:00,370.29,-5.59,27.7,51.4,140,86.94,39.97,1821
1048,01-01-2023 14:30,412.83,12.97,23.3,85.8,1893,97.91,89.65,728
1090,01-01-2023 15:00,369.06,-86.86,32.8,75.6,1058,95.33,44.5,1129
1058,01-01-2023 15:30,346.58,55.11,42.4,79.9,1920,90.28,54.42,1230
1041,01-01-2023 16:00,377.19,-9.34,21.3,69.1,204,74.17,35.5,856
1091,01-01-2023 16:30,354.99,4.88,33.7,26,301,77.63,80.81,1852
1059,01-01-2023 17:00,365.47,-11.85,33.9,59.1,549,96.27,45.77,378
1079,01-01-2023 17:30,412.98,-19.85,37,98.6,1942,75.48,56.22,1308
1014,01-01-2023 18:00,346.33,11.93,18.9,94.4,1966,78.35,32.8,1890
1061,01-01-2023 18:30,415.34,-68.95,36.5,13.9,1389,73.89,98.89,1755
1061,01-01-2023 19:00,408.64,-63.61,42.3,24.8,1009,90.28,36.23,337
1046,01-01-2023 19:30,323.49,72.36,20.4,21.9,309,98.32,79.37,1398
1061,01-01-2023 20:00,308.32,89.22,22.1,75.3,662,78.07,48.47,1180
1050,01-01-2023 20:30,312.09,-25.34,44.1,83.6,1241,84.26,28.56,1990
1054,01-01-2023 21:00,302.19,-45.85,20.4,29.2,812,89.03,81.97,316
1063,01-01-2023 21:30,311.33,28.8,40.6,55.5,1500,99.98,40.02,795
1002,01-01-2023 22:00,381.96,-18.25,29.8,85.7,1674,73.14,87.87,754
1050,01-01-2023 22:30,308.54,-94.92,22.4,76,1663,84.96,92.37,791
1006,01-01-2023 23:00,338.28,-68.77,41.1,58.8,870,81.55,87.38,1649
1020,01-01-2023 23:30,401.39,43.19,28.4,63.1,1207,95.97,13.15,1540
1072,02-01-2023 00:00,302.79,31.78,30.4,55.8,553,84.28,80.86,412
1038,02-01-2023 00:30,397.74,-94.58,25.8,36.8,766,73.33,47.02,1459
1017,02-01-2023 01:00,333.82,-55.61,32.8,60.9,728,89.03,88.64,417
1003,02-01-2023 01:30,314.18,-53.79,19.9,72,1637,93.12,67.42,554
1088,02-01-2023 02:00,383.61,34.38,26.7,88.6,1728,70.09,85.03,1610
1059,02-01-2023 02:30,375.47,-96.06,44.1,67.3,1801,95.77,54.95,668
1013,02-01-2023 03:00,405.3,-79.18,22.7,78.5,486,75.58,58.15,967
1008,02-01-2023 03:30,388.21,59.98,34.7,24.4,1473,86.56,22.99,1679
1089,02-01-2023 04:00,396.42,-64.29,24.8,51.5,395,82.47,80.56,1998
1052,02-01-2023 04:30,333.84,30.55,38.2,10.8,357,91.59,47.75,305
1001,02-01-2023 05:00,321.29,-52.36,18.9,32.2,1204,81.13,55.01,529
1083,02-01-2023 05:30,390.07,-80.11,44.1,75.4,367,96.09,80.66,746
1091,02-01-2023 06:00,396.82,-51.37,28.6,99.3,518,91.91,63.9,366
1059,02-01-2023 06:30,418.86,44.45,22.1,18.9,334,89.43,28.1,961
1070,02-01-2023 07:00,349.51,71.14,17.2,46.1,1956,93.89,63.12,510
1043,02-01-2023 07:30,344.64,66.04,20.1,82,1434,92.62,46.69,1950
1007,02-01-2023 08:00,393.17,-20.56,30.6,28.4,1936,71.08,52.26,940
1046,02-01-2023 08:30,340.9,33.62,25.1,60,1085,81.84,12.55,1326
1034,02-01-2023 09:00,411.69,-59,39.9,76,1480,97.92,28.9,1973
1077,02-01-2023 09:30,403.01,-41.37,27.9,65.4,1336,73.77,35.29,1111
1080,02-01-2023 10:00,351.48,79.27,22.5,26.9,673,92.11,74.17,1381
1035,02-01-2023 10:30,390.1,-97.4,33.5,42,148,99.24,11.03,1784
1049,02-01-2023 11:00,390.55,-82.9,36.2,80.5,1250,71.57,46.79,138
1003,02-01-2023 11:30,312.37,-58.42,20,59.9,322,90.47,93.16,1332
1001,02-01-2023 12:00,408.31,-94.69,20,10.5,1020,84.04,20.07,1739
1005,02-01-2023 12:30,360.63,-63.71,16.1,78.5,1402,87.38,56.48,357
1053,02-01-2023 13:00,399.17,16.61,37.1,13.2,1531,72.56,80.79,1829
1003,02-01-2023 13:30,338.41,-15.72,34.9,77.1,1628,71.29,94.83,344
1053,02-01-2023 14:00,407.46,78.53,29.2,28.2,1417,90.01,77.21,1527
1092,02-01-2023 14:30,346.7,63.49,40.3,96.2,1919,94.7,74.85,1164
1062,02-01-2023 15:00,301.3,-31.64,39.2,43.1,376,93.46,84.38,728
1017,02-01-2023 15:30,408.65,-48.12,32.6,39.4,1561,86.31,50.16,810
1089,02-01-2023 16:00,310.95,-24.06,41,23.4,1230,73,82.53,1988
1043,02-01-2023 16:30,338.32,18.06,21.2,37.5,1781,90.64,10.72,1282
1033,02-01-2023 17:00,414.01,-46.39,18.4,88.9,519,77.26,93.21,1550
1073,02-01-2023 17:30,414.07,24.83,23.1,99.7,710,97.33,49.9,185
1061,02-01-2023 18:00,368.81,-18.12,16.7,43.1,1552,95.15,59.8,1526
1099,02-01-2023 18:30,375.82,10.41,30.9,50.4,474,91.28,32.94,1754
1013,02-01-2023 19:00,353.81,-12.77,43.1,75,172,98.47,76.83,1325
1094,02-01-2023 19:30,335.19,-41.11,16.2,89.8,1757,70.94,16.9,916
1047,02-01-2023 20:00,339.44,89.69,18.7,63.4,1153,92.09,88.54,1055
1014,02-01-2023 20:30,380.7,52.72,28.6,45.2,1311,79.91,84.53,787
1071,02-01-2023 21:00,390.28,-71.98,43,47.1,1487,97.18,29.45,751
1077,02-01-2023 21:30,394.99,73.69,24.5,72.6,1989,78,82.84,1564
1086,02-01-2023 22:00,394.75,-2.51,30.2,10.3,1923,91.75,80.77,942
1061,02-01-2023 22:30,310.94,78.91,16.2,65.8,1574,96.33,66.9,1339
1039,02-01-2023 23:00,359.33,59.97,19.5,42,294,71.25,43.62,900
1084,02-01-2023 23:30,306.91,-14.96,44.6,81.5,1279,81.93,34.43,42
1079,03-01-2023 00:00,365.94,-95.51,44,18.4,1295,92.87,30.86,637
1081,03-01-2023 00:30,352.98,-46.26,15.1,62.9,946,83.65,38.67,527
1052,03-01-2023 01:00,406.52,8.33,43.6,53.3,1164,78.02,91.32,1786
1023,03-01-2023 01:30,342.11,26.7,34.2,67.8,1186,76.59,16.99,267
1025,03-01-2023 02:00,314.05,-48.42,41,15.8,122,73.95,84.6,1147
1088,03-01-2023 02:30,317.16,-72.13,28.6,62.2,459,95.71,41.4,1391
1059,03-01-2023 03:00,391.38,66.99,30.5,60.5,1198,87.26,56.94,810
1040,03-01-2023 03:30,374.19,96.88,29.7,60.5,659,72.29,81.5,1224
1028,03-01-2023 04:00,312.13,5.14,35,64.3,771,81.48,89.59,635
1014,03-01-2023 04:30,310.09,-65.66,19.2,70.9,1948,81.03,41.03,690
1044,03-01-2023 05:00,384.12,-45.54,15.9,82.4,1241,75.45,51.57,1677
1064,03-01-2023 05:30,308.73,-96.32,24.2,34.3,1735,83.07,47.31,1620
1088,03-01-2023 06:00,398.62,82.86,36.1,84.3,1503,79.96,11.19,878
1070,03-01-2023 06:30,384.75,-76.45,21.1,54.8,778,80.25,36.63,965
1008,03-01-2023 07:00,309.76,15.3,35.2,16.9,1413,92.17,51.33,1520
1087,03-01-2023 07:30,310.18,-45.19,44.1,15.3,539,76.7,47,657
1000,03-01-2023 08:00,418.4,10.84,17.8,40.1,1791,89.26,74.97,172
1007,03-01-2023 08:30,344.91,30.28,35.2,80.6,1032,87.12,44.63,1254
1087,03-01-2023 09:00,344.48,65.95,28.3,73.7,106,87.04,54.04,1233
1062,03-01-2023 09:30,397.54,-58.72,41,81,1319,89.89,48.66,743
1010,03-01-2023 10:00,413.67,-97.8,20.3,56.6,520,86.45,76.66,1417
1080,03-01-2023 10:30,418.32,-72.62,35.8,49.6,1691,96.38,87.67,508
1007,03-01-2023 11:00,390.41,80,40.1,23.3,932,90.27,57.87,594
1034,03-01-2023 11:30,345.15,74.78,43.3,39.5,1316,86.41,81.05,500
1034,03-01-2023 12:00,310.02,19.48,35.5,49.1,658,94.89,36.71,413
1032,03-01-2023 12:30,393.26,20.1,29.9,18,1271,88.18,58.72,1745
1004,03-01-2023 13:00,367.01,33.01,33.5,29.9,1910,78.73,41.07,955
1040,03-01-2023 13:30,350.91,-64.93,41.1,63.8,1792,76.21,47.28,446
1027,03-01-2023 14:00,408.76,82.88,32.1,76.2,1325,74.57,75.92,1878
1006,03-01-2023 14:30,313.34,-16.25,15.9,99.9,1567,96.98,89.35,337
1072,03-01-2023 15:00,359.12,-23.37,42.9,94,1013,91.3,20.93,678
1071,03-01-2023 15:30,301.36,3.78,35.7,67.8,1542,98.12,67.12,1747
1011,03-01-2023 16:00,356.24,-90.61,35.3,47.9,1550,88.1,62.39,1420
1033,03-01-2023 16:30,306.76,-66.74,21.5,67.3,1106,84.2,20.66,1054
1032,03-01-2023 17:00,314.26,47.61,34.8,80.7,1602,71.79,29.07,1097
1047,03-01-2023 17:30,314.1,-83.44,26.8,20.7,1598,90.15,37.99,768
1022,03-01-2023 18:00,377.91,20.63,34.5,46.9,225,87.47,25.02,1896
1061,03-01-2023 18:30,389.53,-50.93,18.2,85.6,494,99.71,31.94,1151
1087,03-01-2023 19:00,370,-22.14,34.7,44.5,916,77.17,34.08,1773
1036,03-01-2023 19:30,415.46,-42.26,45,61.5,980,85.92,40.21,1318
1098,03-01-2023 20:00,344.98,-28.87,16.4,62.9,1929,89.53,77.45,1853
1043,03-01-2023 20:30,334.29,43.81,44.3,26.6,675,89.34,61.47,1836
1085,03-01-2023 21:00,404.23,-40.58,27.2,42.6,424,86.84,98.76,169
1090,03-01-2023 21:30,326.83,13.28,41.1,40.1,1515,93.31,47.33,1534
1034,03-01-2023 22:00,415.59,-4.79,38.5,12.4,1029,76.15,77.85,1290
1064,03-01-2023 22:30,301.46,32.73,32,12.2,1811,91.77,88.43,1003
1098,03-01-2023 23:00,416.39,87.37,37.2,84.9,1751,88.59,71.11,1046
1046,03-01-2023 23:30,305.18,46.51,41.4,34.6,1563,96.88,47.07,982
1077,04-01-2023 00:00,406.94,-57.01,27.1,56.6,1327,95.42,77.82,933
1002,04-01-2023 00:30,363.32,-93.76,24.8,36.9,1609,79.45,28.33,101
1000,04-01-2023 01:00,419.16,-47.55,35,94.7,932,78.29,39.48,1720
1004,04-01-2023 01:30,308.86,19.02,39.2,33.3,1154,99.45,59.2,1243
1089,04-01-2023 02:00,366.46,-89.71,37.9,48.7,1511,85.82,61.79,1321
1013,04-01-2023 02:30,416.32,-0.73,38.9,88.5,1748,97.19,11.99,1374
1026,04-01-2023 03:00,362.77,19.37,28.1,85.8,1557,74.92,95.06,136
1008,04-01-2023 03:30,375.53,-33.15,39.5,26.7,936,89.28,72.7,1285
1078,04-01-2023 04:00,383.49,54.18,18.6,82.2,1025,94.3,54.61,1095
1014,04-01-2023 04:30,354.54,-78.68,31.3,51.2,1499,98.42,93.98,1755
1089,04-01-2023 05:00,375.31,-84.97,15.2,53.5,1467,80.12,49.52,912
1041,04-01-2023 05:30,370.12,45.64,24.7,22,542,91.75,98.24,168
1076,04-01-2023 06:00,408.14,-0.9,26,17.3,1702,86.16,56.11,644
1050,04-01-2023 06:30,305.45,37.68,26.9,75.5,174,71.82,20.29,1736
1062,04-01-2023 07:00,333.72,-13.03,35.9,54.7,656,90.7,78.83,892
1095,04-01-2023 07:30,414.05,-50.72,26.7,49.3,1895,90.7,71.1,302
1051,04-01-2023 08:00,406.83,63.82,28.5,75.7,1789,97.92,79.57,1534
1095,04-01-2023 08:30,354.68,59.88,22.1,78.9,1278,84.92,95.63,445
1003,04-01-2023 09:00,374.42,38.94,26.2,24.3,1553,76.91,79.88,535
1093,04-01-2023 09:30,333.29,-45.57,21.8,64.9,462,71.34,65.02,762
1022,04-01-2023 10:00,322.57,18.05,17.2,22.2,547,82.47,87.16,1778
1014,04-01-2023 10:30,355.64,-27.81,33.1,77.6,1357,79.06,70.59,1906
1042,04-01-2023 11:00,342.4,-81.68,35,69.1,1686,92.83,46.73,453
1028,04-01-2023 11:30,370.04,83.46,33.6,96.1,1941,80.63,89.71,1460
1035,04-01-2023 12:00,309.33,-72.64,28.9,16.2,361,98.47,29.97,1621
1012,04-01-2023 12:30,416.93,90.05,26.4,15.1,1950,98.87,74.32,419
1031,04-01-2023 13:00,418.35,-10.8,40.9,35.4,224,88.63,89.34,371
1070,04-01-2023 13:30,383.78,-62.97,30.6,33.6,1010,97.86,75.82,975
1058,04-01-2023 14:00,364.33,8.38,29.4,32.2,344,92.83,72.75,643
1085,04-01-2023 14:30,337.14,74.59,15.8,91.6,641,86.41,77.74,1986
1027,04-01-2023 15:00,397.66,46.44,25.2,32.5,584,75.41,51.85,522
1065,04-01-2023 15:30,382.17,61.31,26.4,34.5,221,83.76,88.68,221
1041,04-01-2023 16:00,319.51,31.76,27,78.3,224,86.83,28.31,528
1044,04-01-2023 16:30,409.31,38.46,32.4,50.5,1672,95.92,21.46,851
1061,04-01-2023 17:00,398.7,69.84,31,79.9,269,84.44,35.7,1765
1056,04-01-2023 17:30,413.98,-50.07,33.2,15.9,223,96.93,57.84,1286
1005,04-01-2023 18:00,387.09,-2.12,37.9,53.9,1992,90.23,55.95,1998
1027,04-01-2023 18:30,373.61,-55.76,39.4,13,1158,74.11,83.85,256
1027,04-01-2023 19:00,350.19,97.53,36.5,15.6,1210,99.85,46.41,1424
1043,04-01-2023 19:30,411.93,88.81,43.7,91.6,745,85.82,53.59,168
1083,04-01-2023 20:00,403.93,-92.11,15.5,22.5,1831,81.76,11.2,885
1029,04-01-2023 20:30,305.43,41.12,20.9,57.9,885,89.77,46.88,846
1061,04-01-2023 21:00,303.16,85.05,15.2,47,300,73.27,68.3,1202
1074,04-01-2023 21:30,345.18,-63.88,34.4,41.3,468,89.1,11.4,1168
1091,04-01-2023 22:00,397.27,13.59,41.9,91,896,84.95,35.28,1503
1088,04-01-2023 22:30,418.47,83.1,22.3,12,176,82.2,28.72,1116
1061,04-01-2023 23:00,318.05,-93.21,42.8,69.7,158,98.59,13.78,133
1096,04-01-2023 23:30,371.3,39.48,16.8,96.7,530,85.68,53.13,1904
1000,05-01-2023 00:00,345.71,-40.53,43,60.4,737,76.57,26.36,900
1026,05-01-2023 00:30,416.39,84.88,25.5,94.3,1623,83.77,76.88,697
1061,05-01-2023 01:00,401.05,94.21,18,14.7,208,97.58,86.31,302
1076,05-01-2023 01:30,400.6,88.85,29.6,47.7,1859,75.28,59.1,1059
1002,05-01-2023 02:00,356.24,-5.16,22.7,33.4,1107,76.42,98.35,1200
1069,05-01-2023 02:30,349.78,72.41,23.5,75.8,1401,70.39,50.54,213
1071,05-01-2023 03:00,332.81,68.91,24.2,98.3,167,70.43,56.2,1081
1026,05-01-2023 03:30,306.77,-36.18,39.1,33.1,1192,94.88,99.03,1603
1008,05-01-2023 04:00,403.77,65.78,31.2,68.9,1288,91.96,30.84,1172
1061,05-01-2023 04:30,397.55,-92.6,24.3,27.8,1612,80.65,94.83,322
1036,05-01-2023 05:00,419.97,19.25,33.3,60.9,404,90.95,13.86,1424
1096,05-01-2023 05:30,419.6,-54,36.5,51.8,773,81.86,50.17,1297
1050,05-01-2023 06:00,366.65,-75.89,23.2,97.5,464,98.59,16.3,1633
1043,05-01-2023 06:30,392.28,-84.61,27.4,64.8,1977,99.01,75.63,1779
1023,05-01-2023 07:00,413.37,39.26,18.7,41.5,920,81.78,64.76,1271
1078,05-01-2023 07:30,401.96,-32.03,20.4,20.3,1502,95.63,73.6,206
1058,05-01-2023 08:00,329.68,44.95,35.4,23.6,442,93.19,43.7,1352
1031,05-01-2023 08:30,354.07,-86.93,20.4,30.3,1046,79.3,43.25,1729
1095,05-01-2023 09:00,315.5,-36.94,30.8,32.6,998,76.96,14.08,87
1087,05-01-2023 09:30,414.49,7.9,36.3,86.6,1677,83.75,41.5,1322
1051,05-01-2023 10:00,372.74,58.14,18.2,60.5,1477,93.44,93.64,337
1061,05-01-2023 10:30,327.44,-36.25,32,57.1,1539,98.81,44.13,1623
1057,05-01-2023 11:00,380.6,25.18,22.7,20.3,1232,92.91,84.82,1341
1051,05-01-2023 11:30,374.18,77.2,43.9,87.4,1686,95.66,85.81,1006
1011,05-01-2023 12:00,342.98,23.17,29.5,75.1,861,88.09,43.59,1158
1038,05-01-2023 12:30,313.63,-53.41,39.2,16.1,1620,95.06,66.88,1281
1001,05-01-2023 13:00,380.59,-95.12,31.5,73.7,440,93.53,18.58,1300
1002,05-01-2023 13:30,362.44,74.02,16.3,58.9,1041,81.31,19.33,729
1055,05-01-2023 14:00,392.68,-95.75,34,17.4,482,86.56,14.38,1547
1080,05-01-2023 14:30,362.42,74.94,43.5,51.2,1103,94.14,62.29,112
1058,05-01-2023 15:00,402.26,5.79,33,53.6,1656,71.38,48.35,1239
1001,05-01-2023 15:30,366.23,87.81,39.6,24.9,399,94.24,59.32,281
1001,05-01-2023 16:00,367.31,59.76,41.5,95.1,238,75.34,56.9,1408
1091,05-01-2023 16:30,405.2,99.59,21.8,86.5,458,85.44,41.52,1803
1053,05-01-2023 17:00,348.42,-29.86,21.4,70.2,935,94.25,70.97,1925
1086,05-01-2023 17:30,316.08,53.44,33.3,51.6,1622,77.61,78.27,1749
1095,05-01-2023 18:00,303.45,-19.61,27.3,47.1,1508,77.37,11.32,825
1096,05-01-2023 18:30,390.62,-4.02,40.2,68.6,1727,82.08,28.65,926
1000,05-01-2023 19:00,374.44,25.5,42,59.1,1403,96.84,74.19,1991
1018,05-01-2023 19:30,384.49,74.74,25.6,15.6,1760,70.01,44.8,239
1001,05-01-2023 20:00,325.56,96.82,22.1,56.1,582,97.04,69.62,845
1052,05-01-2023 20:30,316.36,53.65,38.4,82.6,1008,74.61,41.23,1861
1043,05-01-2023 21:00,301.75,-16.45,23.2,51.3,1234,99.7,45.17,638
1089,05-01-2023 21:30,342.07,-15.73,39.7,14.7,965,98.65,24.28,476
1031,05-01-2023 22:00,370.79,47.52,27.7,80.8,238,84.84,33.24,489
1069,05-01-2023 22:30,347.07,-52.24,35,28.1,1095,85.38,64.49,997
1031,05-01-2023 23:00,352.5,-77.91,17.9,33.3,534,84.45,48.98,501
1067,05-01-2023 23:30,408.5,-29.08,33.7,24.8,608,89.06,79.69,1773
1054,06-01-2023 00:00,341.79,-42.55,28.6,39.7,372,72.72,86.73,399
1074,06-01-2023 00:30,361.68,-40.74,32.6,78.1,1222,70.98,58.75,929
1055,06-01-2023 01:00,394.04,-53.28,20,56.7,1887,71.73,78.24,1987
1016,06-01-2023 01:30,347.59,-91.58,37.1,28.4,1973,83.33,37.62,1545
1037,06-01-2023 02:00,374.65,-96.43,40.9,89,203,78.27,47.35,952
1023,06-01-2023 02:30,403.48,97.54,21.5,89.2,1337,88.66,74.15,166
1068,06-01-2023 03:00,413.94,-14.45,17.9,88.4,1884,99.77,44.76,396
1097,06-01-2023 03:30,317.65,-23.13,15.7,31.5,1787,81.59,62.97,941
1069,06-01-2023 04:00,411.19,35.93,34.3,50.6,861,87.22,26.68,213
1085,06-01-2023 04:30,359.05,-56.35,33.2,98.6,886,82.47,63.98,1641
1010,06-01-2023 05:00,330.99,89.99,31.4,79.5,264,95.42,87.54,1340
1015,06-01-2023 05:30,355.1,57.27,22,12.4,1098,97.07,88.18,501
1096,06-01-2023 06:00,417.6,-82.12,26.7,15.9,1976,96.32,75.19,1428
1072,06-01-2023 06:30,359.11,-16.48,32.8,51.8,619,99.23,77.12,683
1058,06-01-2023 07:00,339.45,75.82,29.9,91.8,1407,70.83,60.21,778
1069,06-01-2023 07:30,376.01,88.95,44.6,58.5,616,95.19,62.62,566
1079,06-01-2023 08:00,328.82,-6.52,19.1,54.8,756,92.55,22.03,1564
1092,06-01-2023 08:30,309.1,22.68,35.9,19.5,712,76.86,49.95,831
1002,06-01-2023 09:00,315.47,-66.59,27.1,69.1,263,98.69,50.57,1632
1019,06-01-2023 09:30,315.37,98.23,27.8,84,1782,74.45,96.26,1303
1058,06-01-2023 10:00,318.23,-53.67,36.5,44.2,163,90.39,48.8,949
1035,06-01-2023 10:30,316.66,88.55,35.8,79.8,1214,76.75,59.44,539
1018,06-01-2023 11:00,376.9,29.93,44.7,96.8,1240,82.94,57.99,659
1089,06-01-2023 11:30,321.83,21.55,18.9,28.3,1989,91.57,67.31,1031
1066,06-01-2023 12:00,341.48,2.54,18.1,57.1,366,86.9,77.34,1126
1018,06-01-2023 12:30,407.61,-53.87,36.7,35.8,1945,82.83,30.25,1335
1019,06-01-2023 13:00,356.88,-64.69,32.4,81.4,1808,79.79,57.59,945
1095,06-01-2023 13:30,380.11,-55.9,23.2,62,1682,95.19,84.33,1413
1070,06-01-2023 14:00,320.68,-62.71,17.4,67.1,1263,74.31,51.68,1063
1051,06-01-2023 14:30,323.07,55.92,17.6,81.8,345,82.9,35.06,1264
1032,06-01-2023 15:00,304.9,-29.97,41.8,45.6,1784,97.11,68.92,1888
1039,06-01-2023 15:30,320.27,-88.43,20.8,92.4,1881,95.38,84.14,181
1038,06-01-2023 16:00,333.43,93.82,24.7,58,494,82.03,15.68,1058
1081,06-01-2023 16:30,321.24,76.76,21.8,24.2,1610,92.89,79.91,1248
1000,06-01-2023 17:00,310.64,85.55,25.6,72.6,575,94.69,83.95,1336
1010,06-01-2023 17:30,314.48,98.98,17.1,81.4,1640,96.67,51.54,493
1091,06-01-2023 18:00,355.29,-65.22,30.6,38.5,1076,86.34,98.5,1166
1056,06-01-2023 18:30,324.76,-20.75,17,87.1,1307,76.13,80.8,300
1088,06-01-2023 19:00,343.71,51.65,39,91.6,1143,77.66,79.63,1216
1049,06-01-2023 19:30,360.41,39.2,22,34.9,657,78.87,77.31,489
1022,06-01-2023 20:00,382.85,-69.22,31.2,98.5,1117,87.81,23.55,134
1030,06-01-2023 20:30,304.72,63.17,41.4,22.7,1647,70.98,29.55,1746
1093,06-01-2023 21:00,395.93,-55.11,34.5,28.2,1705,89.08,51.76,1609
1041,06-01-2023 21:30,375.35,-55.24,31,26.6,1652,80.93,33.76,1335
1098,06-01-2023 22:00,309.81,7.39,24.7,90.5,982,78.86,47.37,1740
1006,06-01-2023 22:30,404.83,18.59,25,68.9,246,96.38,89.96,191
1015,06-01-2023 23:00,410.5,16.02,35.1,23.7,765,83.8,84.19,380
1089,06-01-2023 23:30,307.33,-81.7,44.8,49.6,1427,72.85,66.7,463
1059,07-01-2023 00:00,333.23,75.49,34.9,65.4,719,94.8,87.23,881
1001,07-01-2023 00:30,396.74,-46.88,31.7,17.5,1871,71.43,80.54,169
1000,07-01-2023 01:00,389.79,-74.1,36.9,89.4,919,91.8,48.61,1524
1047,07-01-2023 01:30,322.14,77.75,29,82.3,963,93.22,28.1,1185
1011,07-01-2023 02:00,325.12,91.13,16.8,55.5,681,80.58,56.28,116
1068,07-01-2023 02:30,344.46,72.43,31.9,97,1122,94.74,76.26,1741
1036,07-01-2023 03:00,358.14,61.9,43.7,47.6,794,85.47,49.28,212
1031,07-01-2023 03:30,374.19,31.05,20.3,98.6,1885,83.9,70.01,397
1008,07-01-2023 04:00,344.27,10.17,35.7,70.1,1351,71.36,18.49,158
1098,07-01-2023 04:30,355.5,-82.6,21,67.1,1225,78.7,77.32,1299
1018,07-01-2023 05:00,389.7,-18.31,31.1,24.9,1710,97.93,83.14,1654
1047,07-01-2023 05:30,304.4,-25.46,17.9,89.4,1540,81.75,73.62,1631
1079,07-01-2023 06:00,330.29,-48.05,28.5,48.5,1339,86.4,97.05,699
1002,07-01-2023 06:30,385.6,44.68,37.7,24.6,506,85.96,84.4,1952
1019,07-01-2023 07:00,407.42,-0.82,25.4,11.1,498,87.71,91.28,1431
1023,07-01-2023 07:30,361.4,-83.79,34.9,60.4,814,71.84,94.02,178
1053,07-01-2023 08:00,363.85,-55.96,38.9,57.5,803,80.87,82.12,1014
1032,07-01-2023 08:30,312.86,36.65,42.8,74.7,860,91.69,70.68,881
1023,07-01-2023 09:00,353.69,-84.77,22,90.1,598,76.02,10.51,1486
1074,07-01-2023 09:30,363.91,70.24,27,17.1,1877,76.11,51.92,657
1071,07-01-2023 10:00,329.1,-0.97,19.6,75.8,1588,70.3,61.4,1779
1035,07-01-2023 10:30,332.31,-3.88,44.8,26.9,1814,83.12,37.36,1522
1037,07-01-2023 11:00,345.27,18.48,42.8,87.2,1073,96.48,38.63,475
1083,07-01-2023 11:30,302.41,64.94,31.2,83.7,1854,71.56,96.5,1534
1098,07-01-2023 12:00,338.65,-30.44,40.3,58.7,181,75.73,90.25,913
1088,07-01-2023 12:30,325.37,35.6,30.6,73.9,703,79.3,86.43,323
1098,07-01-2023 13:00,339.3,13.15,33.7,38.3,1810,91.95,46.54,1818
1024,07-01-2023 13:30,314.37,-46.59,17.7,52.4,1874,89.22,11.23,1196
1092,07-01-2023 14:00,406.86,75.73,37.7,83.9,871,82.48,17.22,279
1017,07-01-2023 14:30,371.23,59.49,18.8,51.3,1002,92.77,38.1,907
1081,07-01-2023 15:00,381.49,31.69,39.8,42.2,464,88.29,11.42,977
1065,07-01-2023 15:30,394.7,70.12,38.5,54.5,262,96.88,11.54,1004
1053,07-01-2023 16:00,359.81,73.46,36.3,84.5,1171,94.54,92.49,1355
1034,07-01-2023 16:30,310.43,41.67,16.1,40.2,610,77.58,73.55,1078
1079,07-01-2023 17:00,364.45,67.4,24.1,25.6,1452,78.14,37.81,818
1060,07-01-2023 17:30,370.42,39.49,22.9,74.1,1963,73.76,21.94,1013
1040,07-01-2023 18:00,389.45,36.03,25.8,84.3,215,80.11,56.05,918
1099,07-01-2023 18:30,351.8,23.72,17.6,19.1,1040,99.99,10.48,919
1032,07-01-2023 19:00,315.31,50.54,43.1,31.6,1972,82.17,94.46,1954
1067,07-01-2023 19:30,334.05,-68.28,31.6,22.8,436,76.61,47.33,99
1032,07-01-2023 20:00,343.57,76.17,24.2,41.3,980,92.87,46.21,654
1013,07-01-2023 20:30,377.51,74.37,26.9,50.5,836,86.27,45.15,904
1020,07-01-2023 21:00,368.49,-94.15,28.4,77.4,1987,74.49,16.24,1165
1047,07-01-2023 21:30,342.73,65.16,33,68.6,939,81.42,67.45,1417
1019,07-01-2023 22:00,418.38,-74.23,30.5,65.9,246,82.43,75.97,1356
1007,07-01-2023 22:30,372.69,-32.98,42.6,41.7,1698,92.61,70.85,500
1006,07-01-2023 23:00,328.47,48.7,29.9,85.7,1929,70.62,22.46,120
1066,07-01-2023 23:30,312.21,-67.85,44.8,52.4,1446,78.07,62.1,559
1016,08-01-2023 00:00,318.34,63.59,40.5,98.1,542,85.53,61.25,690
1032,08-01-2023 00:30,329.51,66.43,21.3,67.1,936,78.07,88.16,768
1047,08-01-2023 01:00,319.28,1.49,42.9,21.4,1136,88.85,44.12,755
1075,08-01-2023 01:30,322.39,-98.72,18.5,70.9,1042,84.46,43.43,901
1058,08-01-2023 02:00,334.21,-42.59,39.5,39.3,1617,80.85,65.67,1716
1085,08-01-2023 02:30,320.8,23.39,26.4,71.8,1824,98.48,66.98,221
1021,08-01-2023 03:00,407.61,96.24,41.3,16.3,386,88.96,52.24,1605
1029,08-01-2023 03:30,309.63,26.36,41,25.7,819,73.9,49.88,1295
1037,08-01-2023 04:00,362.94,-48.04,39.2,87,1237,86.8,54.47,167
1050,08-01-2023 04:30,349.25,26.8,38.7,30.4,579,93.42,87.49,374
1053,08-01-2023 05:00,417.89,8,24.1,85.3,121,91.25,51.51,1233
1007,08-01-2023 05:30,313.44,55.97,17.4,35.1,1472,75.16,94.59,1038
1026,08-01-2023 06:00,347.74,-78.6,27.1,67.9,1849,99.17,55.36,1765
1026,08-01-2023 06:30,416.34,52.21,20.2,72.5,782,83.46,95.43,532
1097,08-01-2023 07:00,403.86,8.25,35.8,56.1,1958,74.77,84.95,232
1020,08-01-2023 07:30,398.05,92.6,25.4,37.5,1689,75.41,42.62,602
1029,08-01-2023 08:00,330.95,-31.63,44.3,29.1,1005,72.95,87.73,221
1096,08-01-2023 08:30,320.51,26.52,34.2,13,1933,94.11,19.91,34
1027,08-01-2023 09:00,380.24,86.41,39.7,37.4,419,73.66,93.25,1943
1063,08-01-2023 09:30,411.53,-79.5,19,68.8,225,73.75,66.85,1290
1096,08-01-2023 10:00,366.81,87.45,40.9,94.4,376,95.51,14.9,1746
1068,08-01-2023 10:30,368.59,37.58,42.7,88.4,1327,80.34,67.98,340
1060,08-01-2023 11:00,333.6,-86.43,29.6,78.9,293,70.93,97.68,578
1047,08-01-2023 11:30,392.34,-39.81,33.2,81,1804,71.56,16.28,85
1018,08-01-2023 12:00,322.45,41.63,37.9,69.8,1787,74.27,59.92,472
1003,08-01-2023 12:30,338.84,-86.53,20.2,33.4,1670,76.4,77.3,1290
1034,08-01-2023 13:00,351.05,16.43,30.1,91.6,795,89.95,82.92,899
1063,08-01-2023 13:30,360.91,-30.82,27,70.4,1409,74.72,47.24,1914
1048,08-01-2023 14:00,329.09,24.18,19.4,60.4,156,73.57,28.37,1250
1016,08-01-2023 14:30,313.78,-90.85,26,20,1857,92.94,13.81,614
1043,08-01-2023 15:00,373.27,74.31,17,50.2,1426,90.13,62.18,1624
1091,08-01-2023 15:30,334.64,94.7,15.8,51.4,1286,83.06,50.76,781
1029,08-01-2023 16:00,369.75,93.78,19.1,87.8,118,86.48,95.39,1567
1092,08-01-2023 16:30,318.52,49.93,43.9,59.2,1493,79.36,15.45,1502
1045,08-01-2023 17:00,357.74,-73.98,31.5,44.2,363,84.48,71.69,389
1005,08-01-2023 17:30,363.91,51.65,44,97.9,893,85.2,12.25,1753
1098,08-01-2023 18:00,306.22,-95.08,28,20,212,81.62,25.43,848
1036,08-01-2023 18:30,340.39,-95.58,24.4,48,1611,97.2,50.82,59
1023,08-01-2023 19:00,316.13,-35.28,30.2,13.8,1450,70.48,50.94,1832
1092,08-01-2023 19:30,307.6,-2.27,28.2,76.6,641,93.47,71.71,137
1045,08-01-2023 20:00,418.8,54.08,18.2,92.6,746,73.73,91.92,873
1052,08-01-2023 20:30,338.68,36.66,34.2,35.2,678,93.93,67.51,1988
1094,08-01-2023 21:00,397.18,-10.82,21.5,87.3,1188,88.48,95.82,1655
1098,08-01-2023 21:30,330.56,-45.27,33.6,36.3,1415,95.3,89.35,746
1059,08-01-2023 22:00,381.78,99.42,34.5,92,124,72.93,62.6,920
1096,08-01-2023 22:30,391.23,-14.76,19.6,77.9,1672,86.77,85.04,989
1062,08-01-2023 23:00,371.48,-9.72,16.8,82.4,100,85.03,67.83,1498
1084,08-01-2023 23:30,356.59,-67.28,38.4,11.6,1010,91.19,17.07,922
1031,09-01-2023 00:00,349.42,58.96,28.8,96.7,1672,86.03,76.65,1491
1086,09-01-2023 00:30,341.86,38.74,16.7,75.4,240,86.22,18.54,761
1032,09-01-2023 01:00,411.54,-55.85,44.8,37.4,1867,82.89,63.47,1943
1066,09-01-2023 01:30,399.67,-83.52,16.7,84.6,747,79.27,73.24,635
1017,09-01-2023 02:00,415.8,36.1,35.9,35.3,287,84.47,15.99,486
1024,09-01-2023 02:30,314.92,30.9,44.5,88.5,1251,73.55,30.77,644
1094,09-01-2023 03:00,387.7,-45.35,22.2,20.1,300,98.85,92.41,1788
1053,09-01-2023 03:30,412.6,90.17,19.3,73.3,1250,91.43,65.47,727
1057,09-01-2023 04:00,321.75,-69.79,18.6,58.7,356,98.57,32.17,1749
1066,09-01-2023 04:30,307.98,-13.53,24.1,18.7,1799,76.8,72.16,1548
1045,09-01-2023 05:00,388.93,88.72,18,31.8,646,96.38,63.71,703
1023,09-01-2023 05:30,368.94,-16.05,35.8,11.1,293,94.26,55.14,1300
1031,09-01-2023 06:00,401.02,27.71,16.9,52.2,802,90.31,97.86,572
1046,09-01-2023 06:30,316.77,-20.48,30.3,37.1,1227,88.75,71.51,1617
1085,09-01-2023 07:00,395.43,-45.16,44.9,63.9,1658,79.5,43.79,886
1022,09-01-2023 07:30,324.2,96.8,39.4,36.8,1388,94.49,82.01,1641
1065,09-01-2023 08:00,319.64,-18.13,33.5,37,901,85.05,89.61,926
1026,09-01-2023 08:30,319.71,78.82,24.2,76.9,1041,72.13,21.27,1492
1001,09-01-2023 09:00,397.75,-54.01,33.7,14.3,1507,79.39,28.05,307
1089,09-01-2023 09:30,379.82,-57.38,30.8,91.3,1383,98.06,29.46,581
1016,09-01-2023 10:00,362.77,-93.77,27.8,86.7,513,95.52,72.21,1666
1032,09-01-2023 10:30,343.06,30.33,18.9,70.1,1481,99.46,64.27,140
1008,09-01-2023 11:00,405.26,-26.29,41.6,63.4,1198,88.84,65.71,414
1042,09-01-2023 11:30,347.09,72.87,28.5,90.3,1478,77.43,94.67,1886
1047,09-01-2023 12:00,397.99,-5.36,20.8,26.7,1707,74.88,79.83,790
1038,09-01-2023 12:30,352.7,93.64,26,17.1,1894,75.61,21.51,1244
1092,09-01-2023 13:00,345.23,-62.89,27.4,31.6,1009,70.59,41.28,1543
1041,09-01-2023 13:30,355.52,73.72,39.8,81.5,287,81.72,49.19,723
1025,09-01-2023 14:00,336.17,55.32,37,13.1,1808,75.74,45.64,1479
1098,09-01-2023 14:30,389.71,54.18,38.1,62.5,1413,82.35,70.24,434
1049,09-01-2023 15:00,360.33,68.96,15.3,99.6,144,98.05,90.27,1388
1024,09-01-2023 15:30,327.87,52.2,27.5,87,1696,82.92,37.54,1262
1023,09-01-2023 16:00,407.95,25.24,29.4,56.9,182,96.34,59.67,51
1012,09-01-2023 16:30,346.07,-73.75,15.6,15.7,1246,88.17,81.05,707
1059,09-01-2023 17:00,365.23,-93.49,22.8,84.8,457,77.41,47.46,640
1006,09-01-2023 17:30,408.78,84.17,37.8,63.9,1651,80.68,25.13,1261
1056,09-01-2023 18:00,374.91,23.33,19.1,20.3,1189,72.52,52.75,37
1035,09-01-2023 18:30,314.03,59.31,31.1,18.4,1035,80,14.97,731
1044,09-01-2023 19:00,412.78,-3.7,21.5,91.9,1780,90.33,94.81,1740
1019,09-01-2023 19:30,375.32,-76.54,15.4,70.2,474,72.16,16.73,1838
1064,09-01-2023 20:00,340.19,-74.96,22.2,84.6,261,76.16,49.46,558
1007,09-01-2023 20:30,316.71,37.11,44.3,89.1,1869,81.44,57.69,631
1015,09-01-2023 21:00,395.28,-13.94,39,61.5,1503,99.46,98.68,1706
1013,09-01-2023 21:30,374.41,-59.9,43.8,56.6,1779,93.55,24.94,686
1075,09-01-2023 22:00,364.02,-1.68,29.6,48.7,1481,92,20.3,195
1086,09-01-2023 22:30,407.27,-87.16,18.3,38.5,1311,73.49,10.78,878
1014,09-01-2023 23:00,394.63,16.39,31.4,49.1,421,93.43,24,525
1091,09-01-2023 23:30,318.2,-46.2,28.6,79.6,549,93.56,28.65,619
1097,10-01-2023 00:00,337.41,59.51,40.3,64.2,1597,88.03,66.75,458
1065,10-01-2023 00:30,329.82,-37.93,17.9,90.3,1136,99.71,29.77,803
1031,10-01-2023 01:00,389.27,-8.96,29.6,49.9,283,79.76,11.85,192
1086,10-01-2023 01:30,304.02,-97.68,19.5,64.6,210,98.24,84.4,395
1062,10-01-2023 02:00,368.39,-85.51,24.7,66.8,607,97.44,42.9,1579
1085,10-01-2023 02:30,391.5,-21.5,37.1,63.3,1413,70.34,41.83,1292
1050,10-01-2023 03:00,405.21,-4.01,29.3,73.2,394,83.5,37.22,101
1024,10-01-2023 03:30,341.05,20,26.3,31.4,1574,99.31,97.78,1498
1057,10-01-2023 04:00,398.55,-41.67,26.8,56.1,1003,73.09,25.31,684
1062,10-01-2023 04:30,313.28,39,28.8,19.4,1338,86.43,90.84,1875
1061,10-01-2023 05:00,401.57,72.02,38.6,44.6,1073,99.37,79.91,1562
1021,10-01-2023 05:30,315.3,55.97,41.8,53.9,731,86.66,16.88,1848
1057,10-01-2023 06:00,347.67,-92.08,43.7,68.7,1690,75.69,98.81,298
1057,10-01-2023 06:30,395.68,-3.9,38.6,95.5,1150,87.47,34.42,1806
1085,10-01-2023 07:00,317.99,-79.01,24.5,64.1,1753,76.13,18.87,444
1048,10-01-2023 07:30,327.51,-51.59,35.6,76.9,832,85.59,84.64,1298
1051,10-01-2023 08:00,386.67,97.33,28.1,55.6,1354,72.22,73.6,1045
1041,10-01-2023 08:30,386.4,-71.5,22.6,67.1,1688,88.16,65.55,704
1069,10-01-2023 09:00,376.94,-0.22,40.2,16.4,1930,85.5,24.04,1113
1014,10-01-2023 09:30,383.27,23.63,16.2,32.9,420,92.2,53.06,35
1053,10-01-2023 10:00,365.13,40.49,42.1,42.6,1012,88.92,80.25,1762
1059,10-01-2023 10:30,330.22,11.93,28.8,52.5,1356,86.49,37.33,1011
1096,10-01-2023 11:00,341.48,-98.05,34.1,14.1,1793,90.69,38.05,599
1007,10-01-2023 11:30,321.79,-34.71,34.8,22.6,536,74.32,10.28,1870
1052,10-01-2023 12:00,409.01,3.54,41.9,34.9,880,87.86,25.68,436
1059,10-01-2023 12:30,370.01,-82.43,34.1,97.4,1656,75.16,88.79,1270
1004,10-01-2023 13:00,348.1,-29.87,33.4,39.8,1526,97.77,49.76,1983
1067,10-01-2023 13:30,355.44,-93.36,17,53.4,1176,72.05,98.58,55
1005,10-01-2023 14:00,413.67,-84.28,30.6,27.6,1910,82.91,45.61,1868
1095,10-01-2023 14:30,318.4,-20.62,19.5,65,1436,90.87,74.37,1058
1093,10-01-2023 15:00,370.35,-73.46,37.1,35.3,1404,83.74,35.37,1015
1046,10-01-2023 15:30,360.71,13.51,30.4,28.6,825,72.76,42.74,1585
1098,10-01-2023 16:00,373.37,37.89,35.4,56.5,130,86.6,27.17,419
1054,10-01-2023 16:30,302.17,60.12,16.3,10.5,436,89.25,41.24,739
1039,10-01-2023 17:00,404.65,-59.97,17.5,10.7,282,91.11,59.25,600
1051,10-01-2023 17:30,411.85,-66.5,36.5,29.7,1146,81.2,99.26,1501
1015,10-01-2023 18:00,367.82,-79.09,17.2,13.3,643,86.91,69.78,783
1012,10-01-2023 18:30,383.6,27.29,17.1,19.7,1569,83.52,27.93,175
1029,10-01-2023 19:00,410.7,41.3,15.4,40.5,1197,90.16,14.05,1441
1018,10-01-2023 19:30,384.87,-93.68,43.7,82.2,1133,87.51,21.37,814
1016,10-01-2023 20:00,318.3,87.24,37.1,61.5,1607,85.77,60.63,1302
1062,10-01-2023 20:30,369.15,-89.61,25.6,56.1,1579,77.49,78.86,555
1018,10-01-2023 21:00,372.81,8.26,23.9,36.4,1689,70.06,94.64,1515
1091,10-01-2023 21:30,350.9,41.81,25.5,93.9,1687,75.22,11.42,42
1057,10-01-2023 22:00,388.37,74.19,38.2,45.7,759,73.51,57.05,932
1054,10-01-2023 22:30,412.12,42.82,34.8,17.8,259,83.47,52.38,413
1089,10-01-2023 23:00,411.07,60.35,20.6,65.5,1137,88.37,69.04,585
1089,10-01-2023 23:30,354.1,-32.11,20.2,20.2,1301,76.39,60.36,916
1061,11-01-2023 00:00,313.59,62.97,18,41.1,511,98.17,71.83,1452
1022,11-01-2023 00:30,418.18,-83.98,34.8,55.7,1111,70.2,69.23,48
1008,11-01-2023 01:00,400.67,78.96,37.9,88.7,152,93.17,20.53,604
1011,11-01-2023 01:30,314.96,9.52,23,54.4,507,88.76,81.97,1544
1000,11-01-2023 02:00,410.5,63.46,15.6,73.2,946,81.21,21.09,780
1057,11-01-2023 02:30,404.39,-9.54,17.5,99.4,1145,71.51,72.87,1033
1000,11-01-2023 03:00,362.26,28.72,44,21.8,1153,88.82,47.45,448
1033,11-01-2023 03:30,370.95,5.28,23.9,34.7,802,81.57,56.25,1390
1095,11-01-2023 04:00,347.88,46.32,38.1,45.5,359,98.09,91.3,448
1047,11-01-2023 04:30,306.57,-83.67,33.7,48,1328,86.26,90.09,1968
1088,11-01-2023 05:00,340.22,-87.93,26.5,47,1182,98.19,83.61,1969
1000,11-01-2023 05:30,396.34,-50.58,21.2,91.7,1594,76.61,55.91,1665
1015,11-01-2023 06:00,300.56,-68.09,18.6,74.3,875,91.77,76.26,1728
1060,11-01-2023 06:30,340.02,74.36,33.5,64.7,1589,88.52,56.16,1981
1063,11-01-2023 07:00,347.78,-56.16,38.2,37.8,1135,92.18,88.26,151
1062,11-01-2023 07:30,364.49,95.17,34.3,84.1,1754,76.44,46.25,461
1068,11-01-2023 08:00,410.38,-32.62,30.9,96,1413,89.95,97.32,73
1021,11-01-2023 08:30,341.56,-63.58,16.3,83.9,949,84.94,93.91,1925
1092,11-01-2023 09:00,341.63,57.94,44.1,10.1,1883,92.28,76.74,1973
1066,11-01-2023 09:30,388.5,31.74,39,67.3,453,79.81,35.15,1370
